from_city,to_city,distance_km,vehicle,cargo,is_peak,is_weekend,cost
Bahraich,Purnia,852.6,7.5T,15,0,1,37986.4
Vizianagaram,Srinagar,2516.49,18T,11,1,0,172603.93
Chittorgarh,Jalpaiguri,1968.92,7.5T,11,0,1,87317.02
Karimnagar,Haldwani,1496.64,18T,5,0,0,93879.33
Korba,Jhansi,721.33,7.5T,14,0,0,31982.79
Gwalior,Latur,1106.7,12T,3,1,0,63678.0
Jodhpur,Firozabad,756.14,12T,5,0,1,40873.21
Jaipur,Ranaghat,1847.09,12T,16,1,1,106482.85
Cuddalore,Sikar,2292.98,3.5T,2,1,1,83650.72
Phusro,Kharagpur,260.26,7.5T,18,0,0,12537.9
Udaipur,Jalgaon,561.29,25T,18,0,1,42494.87
Udaipur,Etawah,799.1,18T,3,1,1,53887.31
Kannur,Rajamahendravaram,1141.37,3.5T,12,0,0,41149.37
Sambalpur,Varanasi,552.27,7.5T,9,1,1,25035.08
Ramagundam,Jind,1529.52,12T,18,0,0,84465.68
Ajmer,Machilipatnam,1684.86,3.5T,1,1,1,58916.93
Hoshiarpur,Saharsa,1676.32,7.5T,6,1,1,75207.78
Nandurbar,Hanumangarh,1143.16,25T,17,1,0,90441.11
Bhiwani,Kadapa,2023.26,7.5T,17,1,1,94395.48
Robertsonpet,Rudrapur,2230.15,7.5T,3,0,1,98067.08
Unnao,Kakinada,1347.41,18T,2,0,1,83987.15
Ujjain,Purnia,1661.6,12T,8,0,0,93969.72
Beawar,Panchkula,728.39,12T,5,0,1,39327.98
Ranaghat,Hyderabad,1612.52,12T,14,0,1,88460.68
Patna,Jalandhar,1546.77,25T,17,1,1,113906.71
Mysore,Dibrugarh,3295.8,25T,8,1,0,252830.45
Machilipatnam,Hanumangarh,2091.07,25T,3,0,0,154501.9
Agra,Chandigarh,524.01,12T,8,1,0,29389.46
Dhulian,Davangere,2188.18,25T,11,1,1,167491.35
Alappuzha,Vadodara,1830.47,3.5T,5,1,0,66757.3
Rajkot,Veraval,202.29,3.5T,6,1,0,7492.61
Mirzapur,Dhulian,749.75,12T,18,1,0,41640.91
Meerut,Eluru,1766.71,12T,11,0,1,94699.33
Ozhukarai,Nagercoil,612.24,7.5T,13,1,1,30316.56
Ratlam,Agartala,2255.62,7.5T,8,1,1,105028.83
Chhatarpur,Rajkot,1270.88,3.5T,2,1,0,43357.6
Bhilwara,Thanjavur,2113.19,3.5T,5,1,0,71385.86
Shahjahanpur,Proddatur,1832.15,7.5T,5,0,1,80942.33
Jammu,Mirzapur,1501.17,3.5T,1,0,0,51960.9
Silchar,Surendranagar,2946.32,25T,3,1,1,215239.59
Asansol,Faridabad,1489.52,25T,8,1,1,108164.98
Orai,Jalpaiguri,1288.72,12T,11,1,0,75189.12
Tirunelveli,Vidisha,2055.07,18T,8,1,1,129484.72
Haldia,Ghaziabad,1734.62,25T,2,0,1,130903.73
Lucknow,Vaniyambadi,1989.85,3.5T,1,1,0,68006.04
Mathura,Damoh,563.29,12T,12,1,0,33659.73
Sambhal,Rudrapur,129.22,25T,12,1,1,11246.81
Proddatur,Vaniyambadi,285.17,12T,4,1,1,16445.7
Bahadurgarh,Rampur,291.82,12T,5,0,1,15834.78
Coimbatore,Sambalpur,1747.14,25T,5,0,0,126315.56
Rajamahendravaram,Ozhukarai,758.64,25T,4,0,1,56663.68
Porbandar,Bilaspur,1736.81,12T,17,1,0,96234.29
Bhavnagar,Bulandshahr,1214.3,12T,19,0,0,69808.3
Sambhal,Roorkee,199.38,7.5T,2,0,1,9355.31
Burhanpur,Hoshiarpur,1415.2,25T,18,1,0,109819.91
Jodhpur,Katihar,2020.24,18T,4,1,1,137572.15
Bidar,Haldia,1575.05,7.5T,6,0,0,73360.57
Dimapur,Sonipat,2350.71,3.5T,5,1,1,83720.72
Chhatarpur,Malegaon,926.41,25T,17,1,1,71491.01
Surat,Hassan,1220.09,12T,3,1,1,69753.96
Chandigarh,Chhatarpur,898.05,3.5T,18,1,0,33170.69
Thanjavur,Dhule,1528.73,7.5T,16,1,1,71537.83
Jabalpur,Pali,991.86,7.5T,6,1,1,43707.49
Nandurbar,Gulbarga,666.65,18T,9,1,1,43986.5
Orai,Silchar,1856.85,7.5T,19,0,0,81462.02
Junagadh,Mumbai,477.41,3.5T,12,1,1,17884.52
Proddatur,Nellore,203.37,3.5T,17,1,0,8264.71
Balurghat,Ambur,2221.12,18T,4,1,0,150649.81
Bengaluru,Ghaziabad,2178.12,7.5T,4,0,1,95883.92
Nadiad,Tirupati,1551.98,25T,4,0,1,114025.52
Delhi,Kolhapur,1702.84,25T,7,1,0,132485.42
Hapur,Gandhinagar,1045.91,18T,9,0,0,71709.92
Kurnool,Pondicherry,596.46,7.5T,1,0,1,26596.48
Shivpuri,Haldia,1517.46,12T,12,1,1,83426.27
Budaun,Tumkur,2057.21,12T,3,1,0,118658.17
Udaipur,Raichur,1268.68,12T,9,0,1,71147.78
Pondicherry,Kanchipuram,128.62,7.5T,5,0,1,6077.96
Karnal,Kishangarh,522.04,25T,8,1,0,42046.11
Darbhanga,Durgapur,409.73,7.5T,8,1,0,18405.39
Muzaffarnagar,Hathras,263.45,3.5T,18,1,0,10774.1
Jabalpur,Damoh,118.33,25T,10,0,0,8968.86
Belgaum,Fatehpur,1649.07,7.5T,5,1,1,77886.52
Chennai,Gandhinagar,1760.27,12T,19,1,1,97731.66
Nandyal,Agra,1624.45,7.5T,3,1,1,71400.45
Satna,Hajipur,625.81,7.5T,5,0,1,29594.17
Puri,Mangalore,1798.73,18T,5,1,1,120862.99
Faridabad,Mumbai,1434.02,7.5T,7,0,0,63072.45
Ranchi,Bhopal,1099.23,12T,11,1,1,59492.61
Bhavnagar,Rourkela,1764.31,7.5T,13,0,1,76903.98
Vaniyambadi,Sambalpur,1426.27,18T,10,1,0,97400.9
Beawar,Patna,1502.71,7.5T,6,0,1,71031.73
Malda,Guwahati,523.04,25T,1,0,1,40461.12
Bareilly,Allahabad,527.04,12T,15,0,1,31086.83
Dewas,Alappuzha,1868.59,3.5T,5,1,1,65224.75
Cuttack,Agartala,883.55,3.5T,9,0,0,29816.64
Saharsa,Bihar Sharif,178.14,18T,5,0,0,11651.26
Lakhimpur,Haldia,1299.44,7.5T,19,1,1,59228.12
Guwahati,Anantapur,2525.13,3.5T,10,1,1,89760.88
Thrissur,Sirsa,2642.3,3.5T,11,1,0,93740.74
Satna,Vijayawada,1123.38,3.5T,9,1,0,41856.02
Sagar,Katni,231.63,7.5T,15,0,0,11519.42
Kolkata,Sikar,1963.41,7.5T,13,1,1,85596.84
Ichalkaranji,Kurnool,511.7,7.5T,10,1,0,25021.46
Bhilwara,Hazaribagh,1507.27,18T,16,1,1,95314.13
Solapur,Dhule,476.74,25T,14,0,0,36783.72
Banda,Cuddalore,1907.36,7.5T,14,1,0,89616.1
Jalpaiguri,Chandigarh,1759.13,12T,14,0,0,93824.65
Chennai,Tumkur,441.17,25T,19,1,1,35748.66
Farrukhabad,Saharsa,994.16,3.5T,2,1,0,35358.95
Hospet,Unnao,1663.89,3.5T,1,1,0,58700.51
Chhatarpur,Delhi,609.54,3.5T,17,0,1,21873.43
Thanesar,Veraval,1543.27,18T,9,0,0,104565.39
Gandhidham,Chennai,1974.99,25T,9,0,0,147443.95
Kollam,Bardhaman,2528.59,12T,6,0,1,136997.57
Purnia,Noida,1458.26,18T,7,1,1,100220.65
Belgaum,Bokaro Steel City,1947.2,18T,8,0,0,123717.77
Salem,Rajamahendravaram,897.66,3.5T,7,0,1,32727.8
Agartala,Kasaragod,2753.8,18T,3,0,1,176309.81
Nanded,Guna,762.66,18T,11,0,0,52212.7
Adoni,Shimoga,334.27,3.5T,5,0,1,11872.46
Muzaffarpur,Firozabad,977.61,7.5T,9,0,0,45727.35
Parbhani,Bellary,572.23,18T,16,1,1,40590.16
Bokaro Steel City,Nanded,1377.07,12T,9,1,0,74287.49
Guwahati,Ranchi,969.2,7.5T,11,0,1,43347.47
Dehradun,Ahmednagar,1622.2,25T,5,0,0,117496.87
Modinagar,Singrauli,954.43,7.5T,11,1,0,43433.82
Damoh,Siliguri,1308.7,12T,2,0,0,69465.07
Allahabad,Junagadh,1670.85,7.5T,17,0,0,79197.36
Kolhapur,Panipat,1800.19,18T,3,1,0,122783.92
Batala,Durg,1698.72,18T,3,0,1,112397.62
Morena,Silchar,2064.71,18T,10,1,0,138042.78
Amroha,Ongole,1871.98,18T,18,1,1,126512.87
Sri Ganganagar,Salem,2600.36,18T,4,1,0,164353.81
Shantipur,Tirupur,2283.75,7.5T,17,1,1,102944.7
Varanasi,Orai,498.54,12T,10,1,0,29718.25
Farrukhabad,Kakinada,1488.36,7.5T,16,1,1,69746.83
Kadapa,Khandwa,1077.03,7.5T,14,0,1,50967.26
Tuticorin,Raebareli,2462.03,7.5T,6,1,1,112226.05
Pondicherry,Bengaluru,341.19,12T,14,0,0,19885.4
Gudiyatham,Hassan,384.62,3.5T,17,1,0,14689.66
Jalgaon,Kollam,1687.2,12T,11,0,0,97992.39
Batala,Moradabad,644.8,7.5T,16,0,0,29018.22
Siliguri,Belgaum,2450.55,12T,11,0,0,131122.82
Nellore,Jodhpur,1900.55,3.5T,13,1,0,69065.9
Khambhat,Cuttack,1857.57,12T,16,1,0,98474.78
Sambalpur,Kollam,2021.99,12T,16,1,0,106902.52
Hindupur,Kanpur,1794.63,18T,11,0,1,113004.93
Robertsonpet,Kollam,608.61,18T,14,0,1,41809.93
Vaniyambadi,Sri Ganganagar,2478.05,7.5T,17,0,0,117843.42
Tirupati,Etawah,1826.23,25T,11,1,0,136468.39
Gandhidham,Damoh,1295.88,12T,13,0,0,73677.73
Gandhidham,Delhi,1246.72,7.5T,4,1,0,54746.33
Tumkur,Nizamabad,751.98,12T,2,0,1,41835.52
Naya Raipur,Raebareli,707.3,3.5T,19,0,0,25529.93
Veraval,Modinagar,1486.43,25T,14,1,0,117859.5
Ramagundam,Yamunanagar,1606.55,25T,10,0,1,117495.42
Faizabad,Panipat,805.37,12T,18,0,0,45319.14
Bhiwani,Malegaon,1165.46,25T,2,0,0,85074.61
Hisar,Calicut,2482.31,3.5T,3,0,1,86907.26
Bokaro Steel City,Pune,1849.4,18T,17,0,0,124663.07
Satna,Gudiyatham,1639.97,12T,3,0,0,86275.13
Thanesar,Thanjavur,2680.95,25T,14,0,1,193424.86
Ambur,Nashik,1211.31,3.5T,13,1,1,45062.28
Khammam,Nabadwip,1424.51,3.5T,14,0,0,52294.33
Coimbatore,Faizabad,2301.67,12T,9,1,1,129010.47
Tirupur,Silchar,2866.1,3.5T,11,0,0,102614.32
Gurgaon,Parbhani,1276.76,18T,6,1,0,85750.17
Morbi,Guna,933.24,18T,9,1,1,60557.43
Unnao,Davangere,1790.83,12T,6,0,0,101436.24
Bongaigaon,Dimapur,455.25,18T,17,1,0,30264.85
Nizamabad,Calicut,1077.65,18T,6,1,1,68714.2
Bokaro Steel City,Katihar,325.87,3.5T,3,0,0,11700.33
Sitapur,Surendranagar,1422.75,25T,3,1,0,106216.61
Bhubaneswar,Baharampur,635.46,3.5T,10,0,0,22327.28
Jalpaiguri,Thrissur,2819.42,12T,9,1,0,158666.6
Nandyal,Shahjahanpur,1732.6,25T,1,0,0,126573.03
Puri,Bidar,1185.0,7.5T,13,0,0,54434.29
Rajnandgaon,Raiganj,1167.38,7.5T,9,1,0,52171.19
Begusarai,Proddatur,1815.42,3.5T,6,1,1,64227.5
Nandyal,Aligarh,1723.98,12T,12,0,1,91947.64
Latur,Jamshedpur,1470.36,7.5T,18,0,1,70659.97
Parbhani,Tiruchirappalli,1205.34,3.5T,3,1,0,42371.93
Mangalore,Bidar,785.17,25T,6,0,1,57424.96
Shimoga,Jaunpur,1915.23,25T,14,0,1,140024.75
Shimoga,Saharsa,2257.0,7.5T,6,0,0,96981.65
Satna,Patiala,1007.26,25T,11,1,0,76346.81
Etawah,Eluru,1427.09,18T,14,0,1,93877.53
Bettiah,Davangere,2086.01,7.5T,4,1,1,90896.52
Aurangabad,Ghaziabad,1254.68,18T,9,1,1,83351.65
Cuddalore,Nanded,1080.58,25T,18,0,0,80435.4
Ahmednagar,Dewas,566.11,25T,5,1,1,42300.2
Kanchipuram,Gandhinagar,1742.48,25T,12,1,1,130060.58
Kharagpur,Salem,1945.73,12T,19,1,0,103357.86
Karnal,Bengaluru,2320.59,18T,7,0,1,147837.57
Mughalsarai,Chhindwara,732.63,12T,14,0,1,39878.18
Delhi,Farrukhabad,372.42,25T,6,0,0,26922.71
Burhanpur,Gwalior,732.13,7.5T,11,1,1,34484.64
Amritsar,Mau,1440.36,25T,14,1,1,109711.57
Nizamabad,Dhule,554.71,25T,18,1,0,43504.59
Bhind,Bardhaman,1340.97,7.5T,1,0,0,59013.88
Vijayawada,Moradabad,1730.79,3.5T,16,0,1,59737.26
Thrissur,Bokaro Steel City,2285.97,25T,2,0,0,163949.9
Delhi,Malda,1597.09,18T,8,1,0,106764.17
Ongole,Gorakhpur,1628.26,7.5T,14,0,0,75971.21
Vidisha,Dhanbad,1196.93,12T,14,0,0,68676.38
Salem,Jalna,1176.94,18T,8,0,0,74934.22
Chittoor,Unnao,1858.45,25T,9,1,0,136410.9
Hardoi,Satara,1593.01,18T,2,1,1,105183.46
Ranchi,Chennai,1588.39,25T,3,0,1,119578.69
Malda,Haldwani,1331.91,25T,11,1,1,96641.66
Bathinda,Komarapalayam,2631.34,3.5T,3,1,1,96653.33
Rampur,Bahraich,395.02,3.5T,10,1,1,14558.0
Shahjahanpur,Meerut,342.05,18T,2,1,1,22079.6
Beawar,Alappuzha,2320.6,7.5T,3,0,1,108819.14
Anantapur,Bharatpur,1739.31,12T,9,1,1,95583.33
Rewa,Bokaro Steel City,683.21,12T,16,1,0,37423.93
Durg,Batala,1698.72,3.5T,10,0,0,60614.32
Rewa,Khandwa,783.3,18T,18,0,1,53327.26
Thanjavur,Tirunelveli,345.63,12T,8,0,1,19664.38
Madurai,Allahabad,2213.34,7.5T,13,1,1,99849.39
Ratlam,Allahabad,988.68,12T,2,0,0,52864.01
Bhubaneswar,Vadodara,1776.36,12T,16,1,1,98177.27
Satara,Shimla,1913.38,3.5T,14,0,1,69440.54
Agra,Noida,217.49,25T,18,0,1,17532.62
Ujjain,Dindigul,1803.57,12T,4,1,1,95405.82
Jhansi,Purnia,1236.66,7.5T,9,0,0,56679.63
Rajamahendravaram,Saharsa,1400.72,18T,9,0,1,94092.06
Dehradun,Budaun,350.89,12T,2,1,1,20454.0
Chandrapur,Allahabad,836.49,25T,18,0,0,62349.12
Hapur,Chandigarh,312.61,7.5T,10,1,0,15164.15
Hanumangarh,Damoh,1074.34,3.5T,11,0,0,37164.38
Navsari,Hubli,831.06,18T,14,0,1,53183.35
Hajipur,Kakinada,1275.58,12T,11,1,0,68211.97
Ajmer,Moradabad,662.39,7.5T,8,1,1,29816.13
Khambhat,Erode,1678.85,25T,4,1,0,122168.78
Guwahati,Allahabad,1375.75,7.5T,13,1,0,61765.29
Khambhat,Ambala,1258.2,25T,6,1,1,93574.62
Purnia,Bihar Sharif,283.62,18T,4,1,0,19046.16
Meerut,Rewa,793.68,3.5T,16,1,0,30322.84
Eluru,Vizianagaram,373.34,7.5T,19,0,1,18560.42
Farrukhabad,Rajnandgaon,894.59,25T,13,1,0,70603.95
Bidar,Balasore,1398.4,3.5T,7,0,0,46893.14
Mathura,Ozhukarai,2175.13,18T,13,1,0,143143.51
Coimbatore,Dhulian,2432.12,12T,14,0,0,139746.99
Bharuch,Gandhidham,440.99,25T,4,0,0,32731.66
Bardhaman,Tiruchirappalli,2143.45,25T,19,1,1,169812.54
Kollam,Kanchipuram,694.81,12T,11,1,0,37864.25
Bahadurgarh,Hathras,217.52,18T,1,1,1,15350.41
Shimla,Muzaffarnagar,238.32,18T,10,0,0,16026.55
Ichalkaranji,Nandurbar,648.16,12T,13,1,0,37128.62
Varanasi,Chhapra,254.61,7.5T,2,0,1,12012.4
Gwalior,Gandhidham,1198.94,18T,1,0,1,81004.76
Pune,Bahraich,1652.45,18T,9,1,1,103439.41
Bhubaneswar,Rourkela,304.12,25T,5,0,1,22410.25
Raipur,Arrah,730.45,12T,16,1,0,39477.12
Raiganj,Kasaragod,2575.29,18T,16,1,0,162512.72
Jammu,Tirunelveli,3355.96,3.5T,7,1,0,113443.03
Aurangabad,Karnal,1380.13,18T,12,0,1,92010.36
Cuddalore,Chandigarh,2668.51,25T,8,1,0,197971.92
Krishnanagar,Rourkela,530.29,7.5T,6,1,0,24685.83
Phusro,Bellary,1737.49,7.5T,15,0,0,79190.48
Morena,Ludhiana,679.45,3.5T,16,0,1,25972.62
Yamunanagar,Tiruchirappalli,2690.63,12T,19,0,1,154012.96
Shivpuri,Dankuni,1523.35,12T,17,0,0,86506.88
Kolkata,Haldia,81.2,18T,4,1,1,6314.95
Chittoor,Ranaghat,1905.98,3.5T,18,0,0,67799.82
Chennai,Latur,900.64,12T,1,0,0,50473.97
Aligarh,Gorakhpur,750.09,25T,19,0,0,58703.61
Jalandhar,Kannur,2699.05,25T,16,0,1,213185.32
Ratlam,Lucknow,953.73,7.5T,11,1,1,44175.4
Malda,Karnal,1677.62,25T,10,0,1,121200.38
Davangere,Farrukhabad,1863.08,12T,2,1,0,104370.06
Jammu,Meerut,652.61,18T,5,0,0,43817.26
Bongaigaon,Gwalior,1714.34,7.5T,12,1,0,80852.47
Jabalpur,Amritsar,1370.74,7.5T,1,1,0,64350.22
Kurnool,Jodhpur,1603.24,18T,17,0,1,104552.21
Rampur,Aligarh,179.48,25T,15,1,0,14836.9
Dindigul,Bulandshahr,2503.07,18T,6,1,1,165238.46
Gudiyatham,Rajkot,1714.55,12T,15,0,0,96995.77
Sitapur,Kasaragod,2233.32,12T,10,1,0,126618.85
Asansol,Proddatur,1700.46,12T,15,1,1,90895.68
Jammu,Bhind,1014.77,12T,7,0,0,57833.67
Dankuni,Chhapra,653.09,25T,19,1,0,51008.74
Nellore,Nagercoil,939.08,7.5T,17,1,1,42958.94
Darbhanga,Chandrapur,1250.33,3.5T,13,1,0,45493.25
Malegaon,Bengaluru,1135.02,12T,4,1,0,60076.78
Yamunanagar,Jaipur,491.29,3.5T,14,0,0,18638.69
Yamunanagar,Bhubaneswar,1808.69,7.5T,16,1,0,78751.54
Akola,Ajmer,862.79,12T,7,0,1,49714.8
Kota,Dimapur,2483.72,7.5T,11,1,0,113356.36
Pilibhit,Panipat,409.54,7.5T,1,1,1,18628.97
Tuticorin,Bhusawal,1734.53,25T,7,1,0,130460.67
Khammam,Allahabad,1160.23,25T,18,1,0,86854.56
Tenali,Rewa,1154.89,25T,9,1,0,89906.9
Kharagpur,Thiruvananthapuram,2391.33,25T,1,0,1,188457.64
Raichur,Sikar,1610.69,7.5T,14,1,0,71075.98
Thiruvananthapuram,Malegaon,1702.4,3.5T,19,1,1,63224.93
Rajkot,Burhanpur,764.37,3.5T,2,1,1,26590.97
Jhansi,Visakhapatnam,1255.4,25T,5,1,0,93681.58
Katihar,Proddatur,1951.2,12T,16,0,1,109056.69
Nabadwip,Jorhat,933.05,12T,14,1,1,52830.16
Pimpri-Chinchwad,Arrah,1786.78,7.5T,16,1,0,81773.27
Orai,Bulandshahr,399.87,7.5T,13,0,1,19535.1
Sonipat,Kochi,2638.39,3.5T,16,1,1,94762.48
Bhusawal,Nizamabad,457.62,18T,2,0,1,30625.2
Siliguri,Chhapra,526.21,25T,6,0,0,38313.87
Indore,Aligarh,782.24,18T,18,0,1,54430.74
Malegaon,Jorhat,2862.12,7.5T,13,1,1,131557.31
Durgapur,Hanumangarh,1995.38,18T,15,0,0,124456.84
Nandyal,Mangalore,616.34,12T,15,0,1,33727.67
Rourkela,Mirzapur,509.72,3.5T,8,0,0,18302.6
Batala,Haridwar,485.66,25T,3,0,0,38283.05
Rajkot,Pimpri-Chinchwad,659.31,25T,9,1,0,52224.1
Karimnagar,Tuticorin,1349.38,3.5T,12,0,0,46939.53
Bhubaneswar,Bhopal,1237.54,7.5T,9,1,0,54498.7
Bellary,Indore,1062.05,12T,10,1,1,58356.56
Rewa,Kishangarh,938.75,3.5T,4,0,1,34381.71
Ujjain,Chandigarh,1057.67,25T,18,1,1,80059.37
Guntur,Hassan,756.14,18T,8,1,1,48913.06
Sri Ganganagar,Salem,2600.36,25T,16,0,1,200663.8
Shivpuri,Purnia,1361.99,12T,13,0,1,76518.7
Ratlam,Amravati,505.3,3.5T,8,0,1,18758.44
Pimpri-Chinchwad,Jhansi,1154.57,7.5T,12,0,1,54156.61
Junagadh,Jalgaon,711.87,18T,12,1,1,48194.75
Sri Ganganagar,Rajnandgaon,1575.32,18T,18,0,0,102820.89
Chittorgarh,Ramagundam,1083.85,3.5T,15,0,0,37958.94
Morena,Khammam,1317.44,25T,11,0,1,98373.02
Dehradun,Thiruvananthapuram,3027.51,18T,8,1,0,194654.54
Sitapur,Vadodara,1271.45,3.5T,11,1,1,44588.32
Navsari,Kasaragod,1204.07,25T,16,1,1,95756.18
Agra,Kota,403.25,12T,2,1,0,22244.45
Vijayawada,Calicut,993.1,12T,19,1,0,53997.08
Siliguri,Komarapalayam,2588.75,7.5T,2,0,0,111882.27
Visakhapatnam,Tuticorin,1424.86,3.5T,13,0,1,48582.33
Budaun,Nandurbar,1145.2,3.5T,9,1,1,41119.25
Silchar,Munger,877.69,18T,3,1,1,60639.13
Roorkee,Khandwa,1134.15,12T,16,0,0,63535.81
Aizawl,Farrukhabad,1890.22,12T,5,1,1,103795.33
Gudiyatham,Kollam,643.47,25T,7,0,0,49527.04
Damoh,Bareilly,628.39,7.5T,17,1,0,28948.75
Tirupur,Warangal,1003.11,18T,15,1,0,68446.94
Yamunanagar,Kadapa,2183.77,3.5T,16,1,0,74631.35
Salem,Bhavnagar,1630.35,12T,10,1,1,88654.02
Sagar,Erode,1739.84,18T,11,0,0,112585.09
Tiruchirappalli,Darbhanga,2348.36,12T,5,0,1,125272.91
Ranchi,Jalpaiguri,645.83,18T,11,1,1,43796.89
Kanchipuram,Solapur,852.01,7.5T,19,0,1,40438.77
Agartala,Bhagalpur,627.13,18T,12,0,1,41791.23
Kota,Komarapalayam,1926.99,3.5T,5,1,1,69036.15
Gorakhpur,Dindigul,2394.48,7.5T,16,0,1,106124.53
Meerut,Mahbubnagar,1698.2,3.5T,17,1,0,62280.96
Kishangarh,Damoh,741.84,7.5T,17,0,1,34822.8
Khandwa,Dhulian,1656.61,25T,18,0,0,119820.0
Hoshiarpur,Farrukhabad,767.93,25T,11,0,0,55378.2
Banda,Gadag,1539.03,25T,5,0,0,114407.48
Hazaribagh,Hardoi,866.54,7.5T,12,1,0,39925.79
Bareilly,Dindigul,2505.55,3.5T,11,1,1,86226.14
Etawah,Lakhimpur,292.91,18T,1,0,1,19905.3
Kanchipuram,Mumbai,1283.38,18T,9,1,1,85187.89
Arrah,Bhubaneswar,747.57,18T,16,0,0,48072.09
Satna,Latur,1043.73,7.5T,10,1,1,47925.5
Habra,Satna,1113.5,12T,19,0,0,64311.81
Pimpri-Chinchwad,Dehradun,1725.03,25T,2,1,0,129132.48
Mysore,Korba,1633.58,18T,11,0,0,109984.32
Durg,Tirunelveli,1799.01,12T,6,0,1,97322.09
Gandhidham,Ambala,1369.78,3.5T,6,1,1,51434.14
Kannur,Bharuch,1402.67,12T,19,0,1,74989.91
Mughalsarai,Mahbubnagar,1380.42,12T,7,1,0,76129.71
Ludhiana,Haridwar,346.45,25T,13,1,0,27222.81
Gorakhpur,Agra,746.64,7.5T,16,0,1,34778.54
Dindigul,Chhindwara,1627.44,7.5T,12,0,0,72578.35
Bahraich,Haldwani,368.71,3.5T,18,1,0,13673.74
Sonipat,Pimpri-Chinchwad,1500.67,12T,15,0,1,80233.01
Munger,Bhagalpur,73.99,7.5T,4,1,1,4157.12
Nanded,Gwalior,989.61,7.5T,18,1,1,46614.56
Yamunanagar,Beawar,692.64,18T,17,1,0,44770.02
Karnal,Patna,1264.96,25T,19,1,0,101028.39
Varanasi,Bhilwara,1163.69,3.5T,13,1,0,41408.49
Latur,Patiala,1655.6,3.5T,8,0,0,58416.35
Eluru,Jaipur,1595.63,25T,15,1,0,116365.28
Sambhal,Hajipur,1004.78,3.5T,19,0,1,34939.39
Nandurbar,Bhopal,511.66,7.5T,1,1,1,24949.74
Tenali,Raiganj,1664.19,3.5T,6,0,0,57095.7
Muzaffarpur,Junagadh,2164.51,18T,3,1,0,147887.21
Rudrapur,Hisar,512.82,7.5T,8,1,0,24475.73
Sirsa,Ichalkaranji,1781.12,7.5T,3,0,1,82164.94
Faridabad,Pilibhit,347.44,7.5T,14,1,0,16301.13
Raebareli,Bhubaneswar,1040.94,3.5T,2,1,1,36890.14
Krishnanagar,Gadag,2099.49,25T,18,1,1,166689.81
Dibrugarh,Hassan,3292.71,25T,6,1,0,244096.29
Robertsonpet,Vizianagaram,1008.31,3.5T,16,0,0,37407.31
Bidar,Pimpri-Chinchwad,522.26,12T,5,0,1,29850.04
Jodhpur,Tirupati,1961.79,12T,8,1,1,110794.2
Navsari,Jaunpur,1507.59,25T,17,1,1,118363.15
Muzaffarpur,Rudrapur,916.46,12T,3,0,1,50993.99
Mahbubnagar,Vidisha,940.61,12T,18,0,0,53658.78
Tumkur,Satna,1645.23,7.5T,4,1,0,77876.26
Hospet,Dimapur,2822.12,3.5T,17,1,0,99761.84
Rajkot,Muzaffarnagar,1381.17,12T,9,0,0,79120.53
Hubli,Alappuzha,831.27,12T,19,1,0,49517.68
Sangli-Miraj-Kupwad,Bhavnagar,762.31,7.5T,6,1,0,35975.46
Nandurbar,Ajmer,706.22,3.5T,1,0,1,26158.09
Tuticorin,Shahjahanpur,2664.28,18T,12,1,1,175101.78
Darbhanga,Vellore,2057.35,18T,17,0,0,129030.73
Shimla,Rampur,411.36,12T,17,1,0,23913.49
Sagar,Bhiwandi,1011.47,3.5T,15,0,1,35370.98
Indore,Guna,332.49,12T,8,0,1,18612.22
Agra,Gadag,1662.36,12T,3,1,1,90597.37
Hospet,Jalgaon,804.51,18T,13,0,1,55217.92
Korba,Gulbarga,1077.39,25T,5,1,1,78698.4
Kishangarh,Balasore,1816.6,25T,8,0,1,133253.73
Hassan,Katihar,2357.39,7.5T,16,1,1,104592.58
Bijapur,Raebareli,1513.79,3.5T,3,0,0,51314.25
Ahmedabad,Gwalior,896.0,3.5T,5,1,1,32846.91
Bhubaneswar,Ongole,1041.01,3.5T,12,0,1,36505.6
Tenali,Bhiwani,1851.85,18T,10,1,1,117977.57
Tirunelveli,Jhansi,2324.64,25T,11,1,0,180758.66
Adoni,Hospet,132.35,12T,7,1,0,7766.96
Sonipat,Jhansi,524.59,18T,19,0,0,34478.25
Rohtak,Ongole,1918.28,3.5T,16,1,0,67716.3
Shivpuri,Krishnanagar,1529.82,25T,6,0,1,114363.36
Bhavnagar,Gwalior,1040.45,7.5T,5,0,1,46641.76
Bokaro Steel City,Ujjain,1439.92,25T,1,0,0,109334.79
Bellary,Varanasi,1643.06,25T,5,1,1,120769.18
Chittoor,Erode,323.41,25T,7,0,1,24463.8
Vaniyambadi,Bhubaneswar,1452.9,25T,15,1,1,111558.77
Chandigarh,Faridabad,332.67,12T,5,1,1,18502.48
Tonk,Udupi,1785.33,12T,11,1,0,102454.98
Surat,Solapur,647.53,12T,7,0,1,37121.14
Kota,Haldia,1748.84,18T,12,1,0,119361.5
Nashik,Ambur,1211.31,12T,7,1,0,66955.75
Silchar,Ranaghat,628.51,25T,7,1,1,46099.63
Bellary,Bhiwani,1898.43,12T,9,1,1,110055.07
Bidar,Thanjavur,1014.62,3.5T,9,0,1,36458.17
Bhavnagar,Faridabad,1167.76,7.5T,16,1,0,56400.64
Pilibhit,Puri,1480.11,3.5T,4,1,0,51316.25
Malda,Chhatarpur,1187.76,3.5T,8,1,0,43666.22
Anand,Gandhidham,394.26,3.5T,15,0,0,14678.94
Balasore,Surendranagar,2125.79,7.5T,2,0,1,91436.41
Sikar,Kollam,2604.91,7.5T,1,1,1,114747.0
Amroha,Muzaffarpur,1032.0,25T,9,0,1,79808.69
Anantapur,Muzaffarpur,1918.23,12T,16,0,0,103475.18
Guna,Durgapur,1398.01,12T,19,1,1,79495.62
Karnal,Shantipur,1821.16,3.5T,17,0,1,65414.82
Guwahati,Arrah,985.17,7.5T,4,1,1,47168.87
Khammam,Jind,1758.16,3.5T,1,0,1,64374.66
Bahadurgarh,Warangal,1532.64,3.5T,6,1,0,54613.82
Surendranagar,Nandyal,1381.51,25T,12,0,0,104682.89
Surat,Bhadravati,1093.51,18T,18,0,0,72174.93
Nandyal,Panchkula,2123.14,25T,10,0,0,153121.95
Moradabad,Chhapra,931.56,12T,3,0,0,49589.01
Fatehpur,Gudiyatham,1820.32,12T,12,1,1,102270.58
Jodhpur,Nizamabad,1263.5,12T,19,0,1,68175.03
Amravati,Agartala,1916.66,3.5T,19,1,1,72010.87
Eluru,Bahadurgarh,1760.34,25T,2,1,0,132079.45
Yamunanagar,Bulandshahr,252.24,12T,13,1,0,14780.73
Srinagar,Patna,1855.01,25T,7,0,1,146115.39
Vidisha,Muzaffarnagar,825.34,7.5T,7,1,1,40013.69
Jhansi,Mau,695.87,12T,6,1,1,37987.81
Allahabad,Pilibhit,524.3,12T,10,1,0,28722.94
Cuddalore,Udupi,730.92,7.5T,12,0,0,33269.58
Aizawl,Jodhpur,2754.59,7.5T,7,0,0,122194.95
Mumbai,Pilibhit,1637.02,25T,9,0,1,126150.06
Jind,Bahadurgarh,122.33,18T,9,0,0,8748.21
Proddatur,Bikaner,1980.11,3.5T,11,1,1,68385.5
Ramagundam,Shimla,1741.99,18T,17,1,0,108916.77
Ahmednagar,Ludhiana,1645.24,12T,13,1,1,90917.83
Shantipur,Vellore,1930.95,18T,19,0,0,121031.42
Ajmer,Parbhani,1040.59,18T,7,0,0,65186.44
Jammu,Kolkata,2344.58,25T,18,1,0,185622.08
Anand,Amravati,709.89,12T,13,1,0,40660.03
Jorhat,Pilibhit,2013.44,3.5T,5,1,0,70546.04
Durg,Raiganj,1130.64,7.5T,7,1,1,51614.47
Aurangabad,Nagpur,548.65,25T,7,1,1,43163.37
Batala,Yamunanagar,369.67,25T,15,1,0,30281.52
Thrissur,Orai,2194.34,3.5T,5,1,0,79086.14
Midnapore,Ambala,1832.09,18T,1,0,1,113708.55
Robertsonpet,Vaniyambadi,60.73,25T,19,0,1,5794.64
Kannur,Indore,1506.28,7.5T,14,0,0,70153.63
Gulbarga,Guna,1015.62,7.5T,3,0,0,45419.98
Jamshedpur,Panchkula,1696.64,12T,13,0,1,90913.22
Bikaner,Hisar,369.07,7.5T,9,1,0,17757.52
Barabanki,Ludhiana,921.69,25T,14,0,0,67202.96
Bellary,Calicut,561.23,25T,13,1,0,42399.95
Machilipatnam,Anand,1441.85,25T,7,1,1,104302.91
Chandigarh,Vapi,1532.1,7.5T,5,1,1,67351.77
Beawar,Coimbatore,2124.63,25T,8,0,1,163091.75
Kasaragod,Gudiyatham,542.51,25T,5,0,0,40383.3
Bathinda,Belgaum,1993.6,25T,1,1,0,150906.18
Guwahati,Hoshiarpur,2318.65,7.5T,19,1,1,106089.02
Dhulian,Yamunanagar,1664.27,7.5T,5,0,1,75172.02
Nadiad,Dindigul,1851.52,12T,19,1,0,106434.89
Ajmer,Vapi,874.47,18T,7,1,1,55195.88
Shimoga,Naya Raipur,1322.69,7.5T,2,1,0,62678.68
Thiruvananthapuram,Belgaum,1071.28,25T,1,0,1,84677.37
Khandwa,Jorhat,2569.08,3.5T,19,1,1,91659.61
Sirsa,Haridwar,440.31,12T,5,1,1,25610.72
Bihar Sharif,Nadiad,1789.52,25T,10,1,1,131086.2
Aligarh,Chhatarpur,462.6,25T,4,1,0,35690.12
Orai,Sirsa,785.52,7.5T,4,1,1,36894.2
Haldia,Yamunanagar,1870.27,25T,19,0,1,134745.83
Habra,Jamnagar,2582.15,12T,15,1,0,147477.66
Proddatur,Gulbarga,430.21,12T,19,0,1,25413.7
Aurangabad,Faridabad,1215.2,18T,11,1,1,82488.72
Yamunanagar,Modinagar,185.1,12T,15,1,0,11132.58
Dindigul,Srinagar,3319.65,3.5T,14,1,0,116753.52
Shimla,Latur,1763.63,3.5T,17,1,0,61411.92
Hindupur,Proddatur,194.89,25T,3,1,1,15882.37
Adoni,Dhulian,1940.8,18T,6,0,1,121543.13
Khandwa,Hassan,1224.13,18T,10,1,1,77866.73
Alwar,Hapur,227.54,12T,1,0,0,12968.0
Cuttack,Bharuch,1795.77,25T,2,1,1,130858.07
Pilibhit,Katni,669.7,25T,8,1,1,49227.2
Meerut,Akola,1152.57,3.5T,16,1,0,39792.53
Madurai,Amravati,1528.68,7.5T,12,1,0,69379.97
Jalgaon,Varanasi,1189.56,3.5T,6,1,0,44174.76
Hoshiarpur,Rourkela,1785.49,7.5T,3,0,1,78009.12
Alappuzha,Raiganj,2770.82,12T,6,1,1,152956.39
Sonipat,Hazaribagh,1336.97,25T,17,1,0,100399.93
Hubli,Bhilwara,1383.5,7.5T,14,1,0,64892.42
Coimbatore,Bidar,960.13,3.5T,15,0,1,34408.52
Junagadh,Vapi,374.86,25T,18,1,1,30915.34
Tirupur,Morena,2136.55,3.5T,11,0,0,72191.85
Hajipur,Siliguri,468.28,12T,2,1,1,26367.18
Belgaum,Nizamabad,634.27,7.5T,9,1,1,28919.42
Banda,Tirunelveli,2353.65,7.5T,6,1,0,102327.21
Ambala,Bengaluru,2417.83,18T,11,1,0,163905.55
Muzaffarnagar,Vapi,1425.33,7.5T,4,0,1,63607.67
Vijayawada,Morbi,1619.77,18T,11,0,0,101993.97
Bulandshahr,Gandhinagar,1020.77,25T,17,0,0,77172.24
Dhule,Chhatarpur,868.69,3.5T,10,1,0,31662.05
Lucknow,Bidar,1328.1,7.5T,8,0,0,59837.87
Belgaum,Bijapur,216.34,7.5T,17,0,1,10735.09
Aizawl,Dhule,2520.18,25T,9,0,1,190627.66
Nabadwip,Jalandhar,2087.65,7.5T,3,1,0,91428.75
Rajnandgaon,Gadag,1085.13,18T,2,1,0,73851.68
Surat,Amroha,1327.83,18T,15,0,0,84393.6
Hapur,Kollam,2757.15,7.5T,4,1,0,130280.61
Gudiyatham,Panipat,2297.21,25T,19,0,0,167921.81
Malegaon,Ratlam,392.15,25T,13,1,1,31120.51
Chittorgarh,Bhadravati,1541.3,7.5T,13,0,0,69683.04
Delhi,Mangalore,2202.68,18T,14,0,0,144194.25
Junagadh,Gurgaon,1325.59,25T,12,0,0,97904.21
Nadiad,Anantapur,1291.17,12T,12,0,0,70317.53
Nellore,Vellore,242.64,7.5T,17,0,1,12223.61
Muzaffarpur,Durgapur,450.75,7.5T,6,0,1,20997.31
Bhagalpur,Sirsa,1765.0,3.5T,6,0,0,64648.74
Rewa,Gudiyatham,1643.52,12T,6,0,1,89197.29
Sonipat,Raebareli,686.47,18T,17,1,1,45707.9
Panipat,Ozhukarai,2449.95,12T,5,0,1,129569.83
Dhule,Hajipur,1592.82,25T,13,1,1,119278.06
Gaya,Banda,653.7,18T,17,1,1,44398.56
Naya Raipur,Dhule,971.98,7.5T,18,0,0,42753.6
Kollam,Etawah,2504.83,3.5T,13,1,1,85432.68
Korba,Varanasi,411.62,3.5T,1,1,1,15445.87
Bokaro Steel City,Katihar,325.87,3.5T,17,0,1,12605.62
Jammu,Raipur,1848.81,12T,15,0,0,99564.88
Aizawl,Dankuni,630.86,18T,18,0,0,39922.38
Bikaner,Hathras,660.48,7.5T,8,0,0,31563.02
Jalandhar,Guna,958.65,7.5T,6,0,1,45685.36
Muzaffarnagar,Katihar,1472.68,18T,3,0,0,98319.74
Kanchipuram,Dankuni,1812.97,3.5T,8,0,1,67171.43
Jamnagar,Davangere,1376.92,7.5T,19,1,1,62540.84
Tirupati,Dibrugarh,2882.81,18T,6,1,0,188685.05
Gwalior,Kolkata,1500.46,3.5T,13,1,1,55237.41
Shantipur,Berhampur,745.61,18T,9,1,0,51200.05
Berhampur,Junagadh,2012.61,25T,14,0,0,149800.08
Mangalore,Robertsonpet,473.71,18T,2,0,1,30184.16
Vizianagaram,Dibrugarh,2059.65,3.5T,12,0,0,74256.31
Kurnool,Gandhinagar,1269.69,3.5T,8,1,1,45439.35
Jodhpur,Jind,624.65,18T,4,0,0,40225.47
Chhatarpur,Malda,1187.76,12T,9,0,1,67955.5
Hoshiarpur,Allahabad,1178.73,3.5T,6,0,0,41473.26
Hajipur,Noida,1162.39,7.5T,10,1,0,54229.82
Dhulian,Chittoor,2008.13,25T,17,0,0,152285.81
Rampur,Satara,1690.66,18T,12,0,0,115531.42
Dimapur,Porbandar,3398.12,25T,3,0,1,267077.38
Bongaigaon,Kurnool,2280.36,3.5T,3,0,0,83744.02
Junagadh,Unnao,1556.05,12T,13,1,1,91371.61
Bhiwani,Puri,1834.4,18T,17,1,1,116067.89
Chittoor,Modinagar,2176.78,7.5T,4,0,1,94645.96
Saharanpur,Erode,2584.47,18T,17,0,1,175879.7
Bhilwara,Sambhal,715.13,18T,19,0,1,46398.13
Chhatarpur,Darbhanga,891.75,12T,8,1,1,49839.05
Vijayawada,Bidar,477.94,3.5T,13,1,1,17864.78
Mangalore,Vaniyambadi,523.41,7.5T,4,1,0,23880.79
Ramagundam,Raipur,456.92,7.5T,3,0,0,20952.07
Coimbatore,Beawar,2124.63,12T,11,0,0,121130.78
Noida,Purnia,1458.26,7.5T,15,0,0,65731.93
Hindupur,Jind,2155.81,12T,19,0,1,119064.56
Jalpaiguri,Jaunpur,842.77,18T,4,0,1,54666.27
Dhulian,Berhampur,862.39,25T,16,1,0,65061.69
Damoh,Barmer,1144.61,12T,10,0,1,60921.81
Nagpur,Haldwani,1121.6,3.5T,5,0,0,40979.83
Rohtak,Alappuzha,2691.65,12T,6,0,0,155219.89
Bengaluru,Bhiwani,2205.39,12T,4,1,1,122285.6
Ahmedabad,Krishnanagar,2210.92,25T,16,1,1,170010.1
Sonipat,Sikar,326.83,12T,8,0,0,18939.66
Jaipur,Kharagpur,1709.69,7.5T,12,1,1,76104.13
Thanesar,Kannur,2518.74,18T,18,1,0,171810.58
Dindigul,Khambhat,1816.92,12T,9,1,0,96927.6
Dindigul,Sambalpur,1750.73,12T,4,0,0,93011.09
Anand,Thanjavur,1847.31,12T,9,1,1,104482.64
Panchkula,Arrah,1295.94,3.5T,16,0,0,47666.72
Indore,Modinagar,881.0,3.5T,7,1,1,31565.5
Tirunelveli,Panipat,2871.05,25T,10,1,0,214672.72
Aligarh,Thiruvananthapuram,2692.78,25T,11,0,1,196805.1
Rajnandgaon,Kannur,1501.39,18T,5,0,0,94928.36
Fatehpur,Haldwani,491.74,25T,7,0,0,37263.47
Calicut,Chhindwara,1561.06,3.5T,16,0,1,53202.86
Aurangabad,Bareilly,1307.49,25T,7,1,0,94096.03
Satna,Haldwani,666.35,12T,13,0,1,36019.09
Hathras,Nizamabad,1239.35,18T,19,1,1,79136.05
Nandyal,Machilipatnam,381.14,12T,11,0,1,21850.82
Raiganj,Sonipat,1598.42,12T,16,1,1,85158.81
Begusarai,Rajkot,2170.07,7.5T,15,1,1,100651.9
Ozhukarai,Jalpaiguri,2379.69,18T,5,0,1,161632.65
Hyderabad,Hazaribagh,1324.19,12T,13,0,1,72760.58
Gudiyatham,Bilaspur,1346.14,7.5T,11,0,0,61292.14
Amritsar,Bhadravati,2472.61,7.5T,10,1,0,115143.87
Aligarh,Kanpur,370.49,18T,13,1,0,24413.29
Kakinada,Thanesar,1952.16,7.5T,10,1,0,91124.6
Solapur,Rudrapur,1645.33,7.5T,16,1,1,75658.98
Akola,Coimbatore,1344.39,18T,1,0,1,86690.24
Dhanbad,Sagar,1067.36,25T,2,0,0,80447.1
Vadodara,Anantapur,1222.86,7.5T,8,1,0,54677.32
Akola,Bettiah,1340.56,7.5T,8,1,1,62011.51
Haldia,Hindupur,1860.24,25T,9,1,1,139690.04
Dibrugarh,Bongaigaon,622.06,7.5T,3,0,0,26848.58
Varanasi,Jalna,1241.71,7.5T,10,1,1,59969.23
Kota,Thanjavur,2052.59,3.5T,11,0,0,72237.66
Nabadwip,Nashik,2077.16,7.5T,18,1,1,95335.66
Berhampur,Dewas,1314.48,25T,1,1,0,104041.73
Ludhiana,Durgapur,1890.67,18T,10,1,1,122995.77
Bijapur,Vaniyambadi,701.73,3.5T,14,0,0,25180.51
Anand,Deoghar,1927.88,25T,3,0,1,138763.15
Orai,Jodhpur,891.84,25T,15,0,1,68338.18
Ludhiana,Bareilly,607.79,12T,12,1,1,34500.33
Bokaro Steel City,Delhi,1417.77,25T,18,0,1,108045.64
Deoghar,Bilaspur,713.81,18T,16,1,1,50280.91
Nellore,Hindupur,356.44,18T,1,1,1,24156.61
Habra,Guna,1596.38,18T,8,1,0,105476.32
Pondicherry,Bahadurgarh,2362.32,25T,13,1,1,171867.34
Kolkata,Fatehpur,1146.4,25T,5,1,0,89681.23
Sangli-Miraj-Kupwad,Vizianagaram,1232.02,3.5T,19,0,0,44808.99
Alwar,Ratlam,625.89,25T,4,0,0,47940.98
Barabanki,Munger,764.92,18T,11,1,1,49649.82
Modinagar,Tiruchirappalli,2508.09,7.5T,9,1,0,111464.36
Bharatpur,Begusarai,1224.53,25T,8,0,0,94871.52
Jhansi,Aligarh,346.27,7.5T,5,0,1,16931.82
Chandigarh,Mughalsarai,1163.22,3.5T,1,1,0,43203.33
Hazaribagh,Sambalpur,400.36,3.5T,10,0,1,14771.32
Nagercoil,Vellore,698.78,12T,14,1,0,38803.16
Mirzapur,Bhavnagar,1518.93,7.5T,4,0,1,67575.82
Dhule,Malegaon,59.55,25T,12,1,0,5402.81
Nanded,Surat,683.8,3.5T,15,0,1,24978.39
Salem,Rajnandgaon,1368.61,18T,15,1,0,85958.53
Hisar,Korba,1355.92,25T,3,0,0,104497.96
Warangal,Sangli-Miraj-Kupwad,710.49,18T,18,0,1,48516.35
Sonipat,Kishangarh,449.14,18T,11,1,0,29457.68
Ahmednagar,Bidar,415.86,18T,16,0,1,28018.46
Bardhaman,Amroha,1522.59,18T,10,1,1,97799.22
Ahmedabad,Mughalsarai,1496.78,12T,10,0,0,82587.72
Guna,Jalgaon,557.9,18T,17,1,1,36077.37
Rampur,Muzaffarpur,954.39,12T,19,1,1,55105.41
Agartala,Amroha,1912.9,18T,8,1,0,122593.57
Tonk,Erode,2073.74,12T,14,0,1,110287.08
Muzaffarpur,Katni,757.7,25T,12,0,0,54793.4
Guntur,Jalpaiguri,1827.17,3.5T,18,0,0,63641.72
Hardoi,Sambhal,272.37,7.5T,9,0,1,13557.95
Faizabad,Unnao,232.1,25T,15,1,1,19837.71
Veraval,Bhusawal,755.02,18T,6,0,1,50231.91
Kochi,Tirunelveli,266.89,3.5T,2,0,1,9812.12
Tirupur,Raebareli,2167.36,7.5T,16,0,0,99495.23
Kurnool,Tiruchirappalli,705.08,3.5T,10,1,0,25554.19
Amravati,Saharanpur,1253.27,7.5T,1,0,0,56349.52
Dindigul,Mysore,325.9,12T,14,1,1,20240.42
Agra,Allahabad,584.77,7.5T,4,0,0,27588.1
Dhule,Eluru,1052.42,3.5T,19,0,0,39618.56
Guna,Rajamahendravaram,1230.01,3.5T,12,1,1,46468.14
Hassan,Chhindwara,1316.09,25T,16,1,0,101098.75
Panchkula,Purnia,1623.13,25T,19,0,1,118980.57
Gurgaon,Rewa,805.24,12T,15,0,1,44360.62
Bettiah,Pali,1559.69,7.5T,3,0,0,71563.79
Hubli,Hyderabad,544.3,12T,7,0,0,29808.23
Amravati,Tonk,775.72,7.5T,11,1,1,37889.58
Midnapore,Kollam,2394.86,12T,19,1,0,132954.28
Chennai,Agartala,2135.53,12T,3,0,1,113130.36
Jalandhar,Sitapur,880.87,7.5T,7,0,0,40465.8
Bardhaman,Fatehpur,1047.05,3.5T,4,1,0,37554.73
Pilibhit,Bharatpur,376.64,18T,16,0,1,26058.77
Jalgaon,Puri,1434.41,7.5T,6,1,0,67493.21
Bahraich,Ongole,1687.76,3.5T,18,0,0,60450.13
Bihar Sharif,Orai,849.27,12T,18,1,0,49405.49
Thanesar,Bhadravati,2244.26,25T,19,0,1,173025.63
Chhapra,Ahmedabad,1732.53,7.5T,2,0,0,78379.95
Vidisha,Dibrugarh,2435.55,25T,5,0,1,174130.51
Bhind,Malegaon,1021.57,18T,16,1,0,65701.9
Hassan,Surendranagar,1482.43,3.5T,10,1,1,54895.21
Porbandar,Munger,2394.32,12T,9,1,1,130587.74
Balasore,Mirzapur,786.87,18T,13,1,1,50052.1
Bilaspur,Shantipur,889.31,7.5T,13,0,1,39856.74
Noida,Nandyal,1827.36,12T,6,0,1,99058.65
Vaniyambadi,Surendranagar,1694.32,18T,10,1,1,115575.89
Shantipur,Faizabad,999.81,12T,6,1,1,56993.6
Panipat,Bhiwani,141.45,12T,13,1,0,8613.01
Chandrapur,Bahadurgarh,1254.33,3.5T,11,0,0,42390.29
Pondicherry,Hubli,807.96,7.5T,15,1,0,39460.97
Hathras,Katihar,1350.77,12T,14,0,1,73072.54
Gaya,Vidisha,1013.24,25T,9,0,0,72851.43
Thrissur,Phusro,2283.92,7.5T,17,0,0,102669.12
Jalandhar,Kasaragod,2611.98,12T,4,0,1,142964.04
Tirunelveli,Bhiwani,2795.9,12T,7,0,0,158077.06
Raichur,Gandhinagar,1170.83,7.5T,18,1,1,53535.71
Ranchi,Kochi,2247.01,25T,5,0,0,172084.3
Nagercoil,Vaniyambadi,648.13,7.5T,16,1,0,29307.85
Komarapalayam,Midnapore,2026.58,7.5T,5,0,1,95714.85
Lakhimpur,Daman,1521.35,7.5T,4,0,1,68353.61
Jorhat,Silchar,330.89,7.5T,8,0,1,15677.35
Tumkur,Shivpuri,1679.41,3.5T,10,0,0,58531.63
Surendranagar,Ranchi,1900.8,3.5T,14,1,1,67642.65
Sambalpur,Gulbarga,1145.79,12T,8,1,1,67253.66
Nandurbar,Bengaluru,1255.37,3.5T,6,0,0,42886.45
Pondicherry,Bhopal,1609.15,18T,14,1,0,105032.89
Kharagpur,Burhanpur,1534.2,25T,15,0,0,113010.32
Sangli-Miraj-Kupwad,Kannur,699.05,3.5T,15,1,1,25092.84
Sri Ganganagar,Bokaro Steel City,1910.9,18T,10,0,0,122277.36
Dibrugarh,Chennai,2848.41,25T,10,0,0,223874.06
Jaipur,Jammu,816.98,3.5T,17,1,1,30047.87
Erode,Kanpur,2127.22,7.5T,6,0,0,99912.41
Bhilwara,Srinagar,1215.84,18T,9,0,0,82007.12
Davangere,Gandhidham,1439.53,12T,5,1,0,77138.91
Bhadravati,Sambalpur,1561.91,25T,15,1,0,116780.89
Indore,Ambur,1433.65,18T,2,0,0,96652.98
Bharuch,Tirupur,1588.47,18T,4,1,1,101518.67
Faridabad,Jhansi,445.92,12T,9,0,1,26083.35
Roorkee,Patiala,218.9,18T,10,0,0,14911.75
Saharsa,Mysore,2337.65,12T,7,1,1,130822.57
Delhi,Khambhat,1080.79,18T,13,1,1,68358.55
Bhusawal,Visakhapatnam,1129.76,12T,14,0,0,60929.28
Bidar,Hoshiarpur,1899.83,7.5T,6,0,1,85528.75
Gurgaon,Darbhanga,1273.0,25T,3,1,1,100801.98
Bharuch,Bathinda,1211.09,3.5T,8,1,0,42017.56
Dankuni,Srinagar,2450.14,3.5T,3,1,0,85535.65
Katihar,Delhi,1499.15,25T,1,1,0,112645.93
Barmer,Junagadh,601.97,18T,7,1,1,38835.89
Vijayawada,Nandurbar,1116.38,3.5T,11,1,0,38724.4
Nabadwip,Indore,1738.34,12T,12,0,0,94988.95
Anantapur,Bahadurgarh,1946.23,7.5T,4,1,0,84843.79
Jhansi,Dhule,821.34,3.5T,2,0,0,29131.15
Vellore,Ozhukarai,156.51,18T,11,0,1,10773.56
Imphal,Jalandhar,2702.89,7.5T,19,1,1,117606.44
Hisar,Ongole,1986.01,3.5T,7,1,1,67555.49
Ramagundam,Vaniyambadi,850.1,7.5T,8,0,1,38072.12
Aurangabad,Lakhimpur,1350.63,18T,15,1,0,90729.79
Pune,Visakhapatnam,1304.08,7.5T,3,1,0,59854.46
Rourkela,Etawah,1024.16,18T,6,1,0,67089.8
Purnia,Gaya,369.54,25T,10,0,1,29127.5
Alappuzha,Dewas,1868.59,18T,13,1,1,122862.12
Jamshedpur,Bidar,1384.51,7.5T,5,0,1,64470.12
Bhilwara,Erode,1987.8,7.5T,15,1,1,87229.29
Yamunanagar,Latur,1629.14,12T,7,1,1,91448.89
Pali,Bilaspur,1326.09,3.5T,19,0,0,48880.92
Bongaigaon,Ozhukarai,2516.33,7.5T,8,1,0,116832.09
Vizianagaram,Purnia,1205.45,12T,19,1,0,65325.15
Durgapur,Balurghat,313.7,12T,19,1,1,18055.05
Arrah,Kanpur,613.37,25T,19,1,0,49214.79
Habra,Morena,1564.83,7.5T,12,1,1,69051.82
Mughalsarai,Chennai,1738.14,12T,12,1,0,94008.48
Nagercoil,Kadapa,893.66,25T,3,0,1,66189.03
Ramagundam,Berhampur,742.24,3.5T,1,0,1,26605.07
Muzaffarnagar,Delhi,137.84,7.5T,11,0,1,6758.17
Raichur,Pune,580.26,3.5T,16,1,0,20650.0
Jamshedpur,Pune,1813.23,25T,19,0,0,136285.27
Asansol,Pali,1913.27,12T,4,0,0,110196.24
Raichur,Rajnandgaon,849.13,12T,17,1,0,46879.08
Etawah,Thanjavur,2219.75,7.5T,1,1,1,99662.05
Midnapore,Tuticorin,2284.85,3.5T,5,1,1,81247.13
Jalandhar,Jamshedpur,1889.96,3.5T,16,1,1,70933.18
Mahbubnagar,Bhiwani,1691.99,12T,19,1,1,98982.88
Patna,Madurai,2382.15,25T,6,1,0,175391.04
Gurgaon,Pune,1447.48,12T,9,0,1,79126.22
Kakinada,Budaun,1592.68,25T,16,0,0,120156.52
Allahabad,Dhule,1165.34,25T,3,0,0,86625.37
Dhule,Sirsa,1197.8,18T,18,0,1,80810.27
Junagadh,Aurangabad,715.29,25T,4,0,1,53153.01
Burhanpur,Nanded,338.85,25T,3,0,0,24299.13
Cuttack,Dhulian,650.4,7.5T,1,1,0,29331.35
Faizabad,Baharampur,924.43,12T,6,1,1,52532.19
Darbhanga,Solapur,1815.6,12T,18,0,1,102654.68
Durg,Nadiad,1186.91,3.5T,18,0,0,43183.82
Vadodara,Bahraich,1377.4,7.5T,4,0,0,62570.7
Hoshiarpur,Imphal,2668.07,25T,12,0,0,206813.25
Berhampur,Kolhapur,1508.07,12T,1,0,0,83154.78
Raiganj,Vizianagaram,1231.69,25T,14,0,0,89975.28
Ranaghat,Ongole,1589.83,18T,10,1,0,109090.29
Kanchipuram,Arrah,1894.41,12T,13,0,0,104977.22
Katni,Khambhat,1100.15,25T,5,1,0,84149.2
Bokaro Steel City,Arrah,333.64,12T,4,1,0,18728.23
Banda,Delhi,614.5,25T,9,1,0,46262.25
Hanumangarh,Dhulian,2015.94,3.5T,11,0,1,72838.21
Bihar Sharif,Nashik,1779.71,7.5T,10,1,1,83004.52
Gandhinagar,Sonipat,1005.16,7.5T,17,0,0,47527.83
Rourkela,Veraval,2019.49,25T,19,0,1,155814.41
Kannur,Imphal,3140.24,3.5T,6,1,1,106406.97
Udaipur,Hathras,735.03,7.5T,8,0,0,34634.57
Jammu,Lucknow,1174.47,25T,15,0,0,90797.89
Patna,Haldwani,928.39,7.5T,14,1,0,41725.37
Sagar,Hoshiarpur,1134.88,3.5T,8,0,1,40657.93
Kurnool,Mau,1599.72,3.5T,1,0,0,56366.39
Bareilly,Khandwa,1003.06,7.5T,9,0,1,46644.58
Nellore,Durgapur,1618.5,12T,5,0,1,86913.8
Agra,Singrauli,766.73,3.5T,8,0,0,26447.91
Firozabad,Dewas,667.04,18T,14,0,1,44388.47
Rohtak,Kanchipuram,2269.56,25T,16,1,0,167654.84
Vapi,Sirsa,1302.02,25T,8,1,1,94210.84
Nashik,Jamnagar,621.21,7.5T,9,0,0,29346.42
Allahabad,Khambhat,1350.78,12T,12,0,1,75897.26
Bokaro Steel City,Ranaghat,341.76,12T,5,1,1,19773.6
Agartala,Raiganj,503.85,12T,15,1,0,29342.85
Kochi,Bhopal,1856.17,25T,6,0,1,135290.3
Ramagundam,Thanjavur,1107.57,25T,9,1,1,81534.32
Hardoi,Budaun,165.67,25T,1,1,0,12473.56
Bongaigaon,Ajmer,2205.49,18T,8,0,1,139266.33
Madurai,Rourkela,1949.93,7.5T,6,1,0,85713.34
Porbandar,Kolhapur,937.56,12T,4,0,1,52763.19
Bokaro Steel City,Aizawl,911.14,18T,12,1,1,62864.46
Vizianagaram,Gadag,1138.51,7.5T,3,0,1,53655.5
Solapur,Hathras,1411.77,12T,18,0,0,75031.49
Bhilwara,Bettiah,1393.04,25T,4,0,0,107520.39
Hindupur,Kadapa,204.98,7.5T,17,0,0,9807.56
Salem,Bettiah,2278.89,18T,8,1,1,155252.05
Kanpur,Bareilly,294.11,7.5T,8,1,1,15083.45
Batala,Krishnanagar,2183.24,25T,4,1,1,167321.7
Kolhapur,Adoni,445.93,12T,10,0,0,25870.89
Jhansi,Bahraich,513.24,18T,6,1,0,33613.67
Durg,Madurai,1623.58,3.5T,2,1,0,55327.07
Salem,Haldwani,2442.98,7.5T,19,1,0,114161.54
Firozabad,Panchkula,534.75,12T,3,1,0,28792.25
Nanded,Mau,1281.5,25T,6,1,1,101532.54
Baharampur,Chittoor,1981.87,7.5T,9,1,0,85812.77
Bhiwandi,Guna,948.39,18T,7,0,0,64057.92
Kochi,Anantapur,684.62,18T,8,1,0,45028.82
Kadapa,Thiruvananthapuram,865.21,3.5T,2,1,0,30627.0
Mau,Bahadurgarh,996.12,25T,3,1,1,74651.88
Siliguri,Bhilwara,1929.91,25T,12,0,1,144634.47
Rohtak,Kollam,2775.32,3.5T,4,0,0,99171.08
Vadodara,Navsari,191.42,7.5T,3,1,1,9532.56
Burhanpur,Veraval,815.2,25T,13,0,0,62867.99
Delhi,Rourkela,1379.2,25T,14,1,0,106246.41
Thanjavur,Chittoor,337.23,7.5T,2,1,1,15732.9
Chennai,Muzaffarpur,1942.22,18T,3,1,1,132472.31
Eluru,Bellary,618.79,7.5T,2,0,1,28465.64
Baharampur,Pali,2086.45,7.5T,9,1,1,96013.6
Aizawl,Thanjavur,2602.65,3.5T,1,1,0,93482.43
Dankuni,Rudrapur,1511.08,7.5T,12,1,0,70469.53
Khammam,Nandurbar,1000.11,12T,11,0,0,54192.45
Imphal,Rourkela,1309.27,3.5T,15,1,0,47022.83
Vadodara,Nizamabad,847.69,18T,5,0,0,52900.87
Dindigul,Shivpuri,2091.21,12T,3,0,1,119055.78
Nanded,Hindupur,737.03,12T,8,0,0,42929.52
Orai,Saharanpur,609.04,7.5T,17,0,0,27337.94
Katihar,Khandwa,1639.36,7.5T,18,1,1,74588.79
Kollam,Tuticorin,211.75,12T,13,1,0,12456.71
Asansol,Tirupati,1742.16,7.5T,16,0,0,78504.96
Mathura,Gurgaon,161.45,12T,10,1,1,10154.43
Faridabad,Batala,556.37,7.5T,13,1,0,26570.74
Modinagar,Thanjavur,2513.03,25T,12,0,1,195396.22
Darbhanga,Mangalore,2387.4,18T,9,0,1,154399.17
Anand,Berhampur,1706.95,7.5T,18,0,0,75924.06
Sirsa,Bathinda,94.52,25T,8,0,0,7459.63
Bathinda,Dindigul,2785.32,25T,19,1,0,200568.31
Rajkot,Sagar,1121.48,7.5T,16,0,0,53312.73
Jamnagar,Daman,480.64,12T,10,1,0,26519.05
Rajkot,Daman,386.47,18T,5,0,0,26211.85
Balurghat,Vellore,2171.49,3.5T,16,1,1,75308.74
Munger,Tumkur,2116.29,12T,10,1,0,112488.33
Orai,Surat,1137.35,18T,16,0,1,71440.98
Ahmedabad,Nellore,1573.44,25T,5,0,1,118040.71
Moradabad,Dhule,1232.79,12T,11,0,1,69530.88
Thiruvananthapuram,Surat,1844.8,3.5T,13,1,1,62748.86
Ajmer,Parbhani,1040.59,7.5T,10,1,1,50298.87
Vellore,Sikar,2112.56,25T,7,0,0,158585.02
Agra,Kakinada,1531.03,18T,10,0,1,101606.74
Thrissur,Begusarai,2481.99,7.5T,3,1,0,114800.38
Dewas,Bhubaneswar,1405.71,25T,6,1,1,102365.0
Roorkee,Madurai,2765.34,7.5T,2,1,1,128809.36
Bhavnagar,Bihar Sharif,1914.83,25T,4,0,1,140136.96
Hubli,Chennai,781.16,3.5T,5,1,1,28188.3
Gadag,Mathura,1696.99,12T,13,1,0,93092.67
Dibrugarh,Hajipur,1368.85,25T,13,0,1,104896.02
Saharanpur,Shimla,166.33,7.5T,10,0,0,8023.55
Deoghar,Jamshedpur,241.65,7.5T,6,1,0,11368.13
Daman,Mahbubnagar,878.08,18T,9,1,0,58094.34
Patna,Hospet,1877.56,3.5T,8,1,1,65820.72
Shimoga,Nagpur,1113.98,3.5T,19,0,0,39477.34
Hazaribagh,Tuticorin,2339.75,3.5T,19,0,0,82383.6
Modinagar,Alappuzha,2688.04,12T,11,1,1,153519.47
Ozhukarai,Sangli-Miraj-Kupwad,982.54,7.5T,14,1,0,45376.03
Fatehpur,Hathras,448.27,7.5T,10,0,0,21527.32
Siliguri,Baharampur,353.54,12T,2,0,1,19559.95
Ambala,Jaunpur,1042.93,3.5T,19,1,1,39813.53
Farrukhabad,Latur,1314.34,25T,17,0,0,102346.35
Hathras,Pimpri-Chinchwad,1378.49,18T,15,0,1,88211.47
Tirupati,Faizabad,1862.58,3.5T,8,0,1,68495.18
Ongole,Bongaigaon,2108.08,18T,8,0,1,135015.41
Delhi,Vizianagaram,1691.82,7.5T,16,1,0,77230.69
Bokaro Steel City,Kurnool,1565.59,12T,2,0,1,88260.42
Sikar,Raichur,1610.69,12T,1,0,0,87654.43
Satna,Budaun,532.28,3.5T,18,1,1,20681.47
Satna,Faizabad,352.16,7.5T,2,0,0,16167.48
Alappuzha,Kannur,356.06,25T,13,0,1,26576.24
Midnapore,Jamnagar,2395.35,3.5T,12,0,1,83516.67
Parbhani,Karnal,1446.73,3.5T,5,0,1,49635.94
Mughalsarai,Khammam,1188.39,3.5T,3,0,1,41803.24
Chhapra,Saharanpur,1155.54,3.5T,13,0,1,42882.15
Vidisha,Vadodara,663.85,25T,11,1,1,53412.11
Dhulian,Bettiah,560.51,3.5T,1,0,0,20626.99
Jodhpur,Hassan,1884.89,3.5T,13,0,1,67302.14
Kasaragod,Vapi,1130.48,7.5T,10,1,1,51143.82
Bhind,Darbhanga,988.28,7.5T,1,1,0,46222.69
Ujjain,Rohtak,801.28,3.5T,6,1,0,28469.41
Banda,Ongole,1384.46,3.5T,16,0,1,50606.08
Balasore,Tuticorin,2147.42,25T,12,0,0,167277.2
Nashik,Vapi,133.55,7.5T,3,0,0,6063.63
Thanesar,Akola,1285.64,25T,2,1,0,96629.18
Parbhani,Banda,994.31,12T,12,0,0,57566.24
Chhindwara,Chittoor,1226.79,3.5T,1,1,1,41973.28
Porbandar,Haldwani,1727.94,12T,6,1,1,93673.03
Thanjavur,Munger,2265.97,25T,9,0,1,171011.69
Hospet,Porbandar,1289.21,3.5T,8,1,1,47116.61
Barmer,Durgapur,2226.93,7.5T,6,0,1,98741.55
Midnapore,Bhopal,1379.66,3.5T,16,1,0,47528.12
Satara,Guna,1066.84,7.5T,9,0,1,49801.04
Proddatur,Jalandhar,2336.83,25T,18,1,1,175589.46
Jaipur,Katihar,1645.59,3.5T,7,1,0,60067.14
Indore,Haldia,1696.85,12T,16,0,1,91278.6
Warangal,Vaniyambadi,745.19,25T,11,0,0,55269.26
Tirunelveli,Amritsar,3205.24,25T,4,1,1,238548.37
Ranaghat,Kota,1784.6,25T,12,0,1,129666.31
Ozhukarai,Ichalkaranji,983.9,3.5T,14,1,1,35780.28
Solapur,Haldwani,1679.98,12T,8,1,0,88653.73
Bellary,Bihar Sharif,1835.63,7.5T,16,1,1,80545.85
Nabadwip,Sikar,1925.88,7.5T,1,1,1,90498.42
Ambur,Etawah,1942.19,25T,14,1,1,141096.29
Surendranagar,Begusarai,2043.62,12T,9,1,1,109622.56
Chittorgarh,Agra,566.45,18T,3,0,1,38658.11
Muzaffarpur,Raiganj,389.36,18T,10,0,1,25153.03
Ratlam,Katihar,1765.37,18T,4,1,0,118164.33
Adoni,Dehradun,2040.17,7.5T,11,0,0,91189.23
Meerut,Phusro,1360.1,3.5T,4,0,1,49950.38
Thanjavur,Ichalkaranji,1047.44,12T,2,0,0,57173.1
Panchkula,Mumbai,1704.12,18T,18,1,1,113671.1
Agartala,Gwalior,1848.09,25T,10,0,1,143596.29
Aligarh,Siliguri,1443.97,18T,8,0,0,98751.36
Amravati,Bijapur,638.14,25T,17,0,0,49020.02
Erode,Durg,1453.5,12T,11,0,0,77210.74
Jabalpur,Chhatarpur,247.2,25T,18,1,0,20191.47
Navsari,Hapur,1270.59,12T,18,1,1,68785.76
Guwahati,Vaniyambadi,2606.41,12T,9,0,1,143862.41
Ratlam,Karimnagar,885.25,12T,15,1,1,50735.17
Ichalkaranji,Aligarh,1632.13,25T,12,0,1,126914.0
Alwar,Junagadh,1197.78,3.5T,7,1,0,44270.92
Farrukhabad,Bikaner,876.16,12T,15,0,1,49208.97
Barabanki,Bilaspur,687.12,12T,6,0,0,36313.15
Chhindwara,Thiruvananthapuram,1898.17,25T,11,0,1,141472.95
Jorhat,Bhilwara,2728.84,12T,6,0,0,143429.92
Nizamabad,Munger,1489.37,3.5T,10,0,1,51790.78
Unnao,Kolhapur,1616.36,25T,10,0,0,116435.57
Thiruvananthapuram,Salem,466.9,7.5T,15,1,0,21542.77
Saharsa,Kishangarh,1632.43,3.5T,3,0,1,58588.74
Sri Ganganagar,Kanpur,1016.53,3.5T,4,1,0,35999.03
Hindupur,Bareilly,2035.0,3.5T,13,0,1,74897.99
Tuticorin,Pimpri-Chinchwad,1493.93,3.5T,16,1,1,53692.39
Rajkot,Raiganj,2447.23,18T,4,0,1,164955.34
Nizamabad,Alwar,1248.54,18T,2,0,1,82804.56
Faizabad,Ratlam,1095.42,18T,10,1,1,69753.57
Bulandshahr,Tirupati,2062.01,7.5T,5,1,0,94934.67
Hoshiarpur,Bathinda,225.09,3.5T,6,0,0,8396.96
Berhampur,Muzaffarpur,947.64,3.5T,2,1,0,32584.74
Bellary,Aurangabad,692.74,3.5T,1,0,0,24557.8
Rewa,Sambalpur,565.2,3.5T,4,1,0,19860.9
Hospet,Pimpri-Chinchwad,587.46,7.5T,14,1,1,26936.25
Hoshiarpur,Shimla,184.08,25T,2,1,1,14440.84
Balasore,Hathras,1493.57,18T,6,0,0,98939.97
Hardoi,Dhule,1168.08,3.5T,6,0,1,42297.42
Anand,Chhatarpur,978.99,3.5T,9,0,0,35444.28
Pimpri-Chinchwad,Kishangarh,1114.47,12T,1,0,1,58819.33
Patiala,Vijayawada,2008.41,7.5T,11,0,1,90288.27
Bharatpur,Katihar,1417.55,3.5T,5,0,0,49395.18
Mathura,Panipat,281.25,18T,1,0,1,18120.77
Bhubaneswar,Asansol,494.18,3.5T,19,1,0,19670.65
Nizamabad,Thanjavur,1103.81,3.5T,6,0,0,40775.08
Salem,Rourkela,1740.02,3.5T,15,0,0,59272.58
Ajmer,Alappuzha,2363.85,7.5T,6,1,0,109532.81
Muzaffarnagar,Chandrapur,1336.83,7.5T,4,1,1,63912.84
